"Image ID";"Product ID";Position;Cover;Legend
24;8;1;1;"Aluminum Road Bike"
25;8;2;;"Aluminum Road Bike"
26;8;3;;"Aluminum Road Bike"
27;8;4;;"Aluminum Road Bike"
28;8;5;;"Aluminum Road Bike"
29;8;6;;"Aluminum Road Bike"
30;8;7;;"Aluminum Road Bike"
31;8;8;;"Aluminum Road Bike"
32;9;1;1;"Fraction Multi-Sport Helmet"
33;9;2;;"Fraction Multi-Sport Helmet"
34;9;3;;"Fraction Multi-Sport Helmet"
35;9;4;;"Fraction Multi-Sport Helmet"
36;9;5;;"Fraction Multi-Sport Helmet"
37;9;6;;"Fraction Multi-Sport Helmet"
38;9;7;;"Fraction Multi-Sport Helmet"
39;9;8;;"Fraction Multi-Sport Helmet"
40;9;9;;"Fraction Multi-Sport Helmet"
41;9;10;;"Fraction Multi-Sport Helmet"
42;10;1;1;"Bell Solar Bike Helmet"
43;10;2;;"Bell Solar Bike Helmet"
44;10;3;;"Bell Solar Bike Helmet"
45;10;4;;"Bell Solar Bike Helmet"
46;10;5;;"Bell Solar Bike Helmet"
47;10;6;;"Bell Solar Bike Helmet"
48;10;7;;"Bell Solar Bike Helmet"
49;10;8;;"Bell Solar Bike Helmet"
50;10;9;;"Bell Solar Bike Helmet"
51;10;10;;"Bell Solar Bike Helmet"
52;10;11;;"Bell Solar Bike Helmet"
53;11;1;1;"Bicycle Panniers"
54;11;2;;"Bicycle Panniers"
55;11;3;;"Bicycle Panniers"
56;11;4;;"Bicycle Panniers"
57;11;5;;"Bicycle Panniers"
58;11;6;;"Bicycle Panniers"
59;12;1;1;" Steel Floor Pump with Gauge"
60;12;2;;" Steel Floor Pump with Gauge"
61;12;3;;" Steel Floor Pump with Gauge"
62;12;4;;" Steel Floor Pump with Gauge"
63;12;5;;" Steel Floor Pump with Gauge"
64;12;6;;" Steel Floor Pump with Gauge"
65;12;7;;" Steel Floor Pump with Gauge"
66;12;8;;" Steel Floor Pump with Gauge"
67;13;1;1;"1.0 Fat Bike"
68;13;2;;"1.0 Fat Bike"
69;13;3;;"1.0 Fat Bike"
70;13;4;;"1.0 Fat Bike"
71;13;5;;"1.0 Fat Bike"
72;13;6;;"1.0 Fat Bike"
73;14;1;1;" Lightweight Aluminum Water Bottle Cage"
74;14;2;;" Lightweight Aluminum Water Bottle Cage"
75;14;3;;" Lightweight Aluminum Water Bottle Cage"
76;14;4;;" Lightweight Aluminum Water Bottle Cage"
77;14;5;;" Lightweight Aluminum Water Bottle Cage"
78;14;6;;" Lightweight Aluminum Water Bottle Cage"
79;14;7;;" Lightweight Aluminum Water Bottle Cage"
80;14;8;;" Lightweight Aluminum Water Bottle Cage"
81;15;1;1;"Bicycle Seatpost"
82;15;2;;"Bicycle Seatpost"
83;15;3;;"Bicycle Seatpost"
84;15;4;;"Bicycle Seatpost"
85;15;5;;"Bicycle Seatpost"
86;15;6;;"Bicycle Seatpost"
87;15;7;;"Bicycle Seatpost"
88;16;1;1;"Bicycle Bag with Expandable Mini Panniers"
89;16;2;;"Bicycle Bag with Expandable Mini Panniers"
90;16;3;;"Bicycle Bag with Expandable Mini Panniers"
91;16;4;;"Bicycle Bag with Expandable Mini Panniers"
92;16;5;;"Bicycle Bag with Expandable Mini Panniers"
93;16;6;;"Bicycle Bag with Expandable Mini Panniers"
94;17;1;1;"SafeCycler LED Bike Lights"
95;17;2;;"SafeCycler LED Bike Lights"
96;17;3;;"SafeCycler LED Bike Lights"
97;17;4;;"SafeCycler LED Bike Lights"
98;17;5;;"SafeCycler LED Bike Lights"
99;17;6;;"SafeCycler LED Bike Lights"
100;18;1;1;"LED Bicycle Light"
101;18;2;;"LED Bicycle Light"
102;18;3;;"LED Bicycle Light"
103;18;4;;"LED Bicycle Light"
104;18;5;;"LED Bicycle Light"
105;18;6;;"LED Bicycle Light"
106;19;1;1;"Dual Suspension Mountain Bike "
107;19;2;;"Dual Suspension Mountain Bike "
108;19;3;;"Dual Suspension Mountain Bike "
109;19;4;;"Dual Suspension Mountain Bike "
110;19;5;;"Dual Suspension Mountain Bike "
111;19;6;;"Dual Suspension Mountain Bike "
112;19;7;;"Dual Suspension Mountain Bike "
113;20;1;1;"Cycling Shorts"
114;20;2;;"Cycling Shorts"
115;20;3;;"Cycling Shorts"
116;20;4;;"Cycling Shorts"
117;20;5;;"Cycling Shorts"
118;20;6;;"Cycling Shorts"
119;20;7;;"Cycling Shorts"
120;20;8;;"Cycling Shorts"
121;21;1;1;"Bicycle Water Bottle Cage"
122;21;2;;"Bicycle Water Bottle Cage"
123;21;3;;"Bicycle Water Bottle Cage"
124;21;4;;"Bicycle Water Bottle Cage"
125;21;5;;"Bicycle Water Bottle Cage"
126;21;6;;"Bicycle Water Bottle Cage"
127;22;1;1;"Mountain Bike MTB "
128;22;2;;"Mountain Bike MTB "
129;22;3;;"Mountain Bike MTB "
130;22;4;;"Mountain Bike MTB "
131;22;5;;"Mountain Bike MTB "
132;22;6;;"Mountain Bike MTB "
133;23;1;1;" Mountain Bike"
134;23;2;;" Mountain Bike"
135;23;3;;" Mountain Bike"
136;23;4;;" Mountain Bike"
137;23;5;;" Mountain Bike"
138;23;6;;" Mountain Bike"
139;24;1;1;"Mountain Bike MTB 24 Speed"
140;24;2;;"Mountain Bike MTB 24 Speed"
141;24;3;;"Mountain Bike MTB 24 Speed"
142;24;4;;"Mountain Bike MTB 24 Speed"
143;24;5;;"Mountain Bike MTB 24 Speed"
144;24;6;;"Mountain Bike MTB 24 Speed"
145;25;1;1;"Shimano Hybrid Flat Bar Commuter Road Bike"
146;25;2;;"Shimano Hybrid Flat Bar Commuter Road Bike"
147;25;3;;"Shimano Hybrid Flat Bar Commuter Road Bike"
148;25;4;;"Shimano Hybrid Flat Bar Commuter Road Bike"
149;25;5;;"Shimano Hybrid Flat Bar Commuter Road Bike"
150;25;6;;"Shimano Hybrid Flat Bar Commuter Road Bike"
151;25;7;;"Shimano Hybrid Flat Bar Commuter Road Bike"
152;25;8;;"Shimano Hybrid Flat Bar Commuter Road Bike"
153;26;1;1;"Sportswear Set Breathable"
154;26;2;;"Sportswear Set Breathable"
155;26;3;;"Sportswear Set Breathable"
156;26;4;;"Sportswear Set Breathable"
157;26;5;;"Sportswear Set Breathable"
158;26;6;;"Sportswear Set Breathable"
159;26;7;;"Sportswear Set Breathable"
160;26;8;;"Sportswear Set Breathable"
161;26;9;;"Sportswear Set Breathable"
162;27;1;1;"Short Half Finger Gloves Breathable Mesh"
163;27;2;;"Short Half Finger Gloves Breathable Mesh"
164;27;3;;"Short Half Finger Gloves Breathable Mesh"
165;27;4;;"Short Half Finger Gloves Breathable Mesh"
166;27;5;;"Short Half Finger Gloves Breathable Mesh"
167;27;6;;"Short Half Finger Gloves Breathable Mesh"
168;27;7;;"Short Half Finger Gloves Breathable Mesh"
169;27;8;;"Short Half Finger Gloves Breathable Mesh"
170;27;9;;"Short Half Finger Gloves Breathable Mesh"
171;27;10;;"Short Half Finger Gloves Breathable Mesh"
172;27;11;;"Short Half Finger Gloves Breathable Mesh"
173;27;12;;"Short Half Finger Gloves Breathable Mesh"
